date,close,volume,open,high,low
2014/09/19,93.89,271718000,92.7,99.7,89.95
2014/09/22,89.89,66495310,92.7,92.95,89.5
2014/09/23,87.17,38935050,88.94,90.48,86.62
2014/09/24,90.57,31966400,88.47,90.57,87.22
2014/09/25,88.92,28566180,91.09,91.5,88.5
2014/09/26,90.46,18314780,89.73,90.46,88.66
2014/09/29,88.75,25258370,89.62,89.7,88.02
2014/09/30,88.85,24380140,89,90.88,88.46
2014/10/01,86.1,23994980,88.7,88.94,86.04
2014/10/02,87.06,21452790,86.27,88.2,85.611
2014/10/03,88.1,18357110,88.1,89.94,87.65
2014/10/06,88.31,9267595,89.15,89.65,88.06
2014/10/07,87.67,12768510,87.95,89.7,87.06
2014/10/08,88.3,10251870,88,88.5,87.06
2014/10/09,88.79,21475080,88.51,90.35,88
2014/10/10,85.88,15406070,88.25,88.74,85.24
2014/10/13,85.12,14801960,86.85,86.89,84.92
2014/10/14,84.95,15544160,85.81,85.88,83.22
2014/10/15,85.6,16801790,84.04,86.49,82.81
2014/10/16,88.85,15184380,84.98,89.175,84.015
2014/10/17,87.91,17320100,90.4,90.9,87.6701
2014/10/20,88.26,9843157,88,89.5,87.86
2014/10/21,90.9,23078860,89.1,92.5,88.5
2014/10/22,91.63,20312160,92.25,93.5,91.01
2014/10/23,94.45,20528790,92.92,94.7,92.82
2014/10/24,95.76,32099050,95.07,98,94.78
2014/10/27,97.79,28203030,97,98.85,96.3
2014/10/28,99.68,31912830,99.84,100.67,98.61
2014/10/29,98.31,28595940,99.88,100,96.82
2014/10/30,98.73,15424320,98.48,99.44,97.3
2014/10/31,98.6,18048020,100.1,100.22,98.1356
2014/11/03,101.8,40515210,99.67,102.8,99.05
2014/11/04,106.07,67629030,100.425,106.359,99.51
2014/11/05,108.67,48219010,108.48,110.14,106.48
2014/11/06,111.57,33331850,109.3,111.7,107.21
2014/11/07,114.56,51267750,112.93,114.77,111.75
2014/11/10,119.15,74808230,117.27,119.45,115.2
2014/11/11,114.54,70962740,117.25,117.55,113.69
2014/11/12,118.2,53766550,115.05,119.07,114.02
2014/11/13,114.84,62072050,119.3,120,114.55
2014/11/14,115.1,29758110,115.06,115.39,113.35
2014/11/17,114.25,22522970,115.44,115.63,113.13
2014/11/18,110.81,41025930,114.33,114.38,110.41
2014/11/19,108.82,46785980,109.83,110.68,107.22
2014/11/20,109.82,36425000,107.81,112.44,107.26
2014/11/21,110.73,27354240,113.21,113.5,110.4354
2014/11/24,113.92,20545130,112,113.93,111.55
2014/11/25,113.47,23444610,114.94,115.17,112.33
2014/11/26,112.67,11794220,113.33,113.74,112.33
2014/11/28,111.64,8077842,113.14,113.23,111.11
2014/12/01,105.99,38417890,110.02,110.05,103.8961
2014/12/02,109.89,18703780,107.35,110,106.61
2014/12/03,110.64,16164860,110.4,111.68,108.798
2014/12/04,109.17,10790400,110.1,110.5,108.91
2014/12/05,107.9,12125090,109.6,110.35,107.76
2014/12/08,105.07,19166550,105.97,107.4,104.2101
2014/12/09,107.48,24805130,102.27,107.95,101.2
2014/12/10,103.88,18398440,107.09,107.38,103.51
2014/12/11,104.97,15658440,104.44,106.84,104.29
2014/12/12,105.11,14504050,104.7,107.45,104.179
2014/12/15,104.7,16476750,106.39,107.77,103.7
2014/12/16,105.77,21655360,103.75,107.68,103.7
2014/12/17,109.02,17242940,107.11,109.19,106.28
2014/12/18,109.25,22749890,110.58,111.2,108.26
2014/12/19,110.65,14785340,109.93,110.65,108.04
2014/12/22,108.77,12985130,110.63,110.98,108.53
2014/12/23,105.52,19077270,108.3,108.47,103.88
2014/12/24,105.95,5870358,105.68,107.21,105.6
2014/12/26,105.95,6523956,105.99,106.94,105.5
2014/12/29,105.98,8059191,105.95,107.66,105.64
2014/12/30,105.75,10185890,105.64,106.71,105.13
2014/12/31,103.94,10254350,106.46,106.47,103.69
2015/01/02,103.6,12286400,104.24,104.72,102.52
2015/01/05,101,18313750,102.76,103.02,99.9
2015/01/06,103.32,15662710,101.25,103.85,100.11
2015/01/07,102.13,11000010,104.59,104.74,102.03
2015/01/08,105.03,12904640,102.95,105.3399,102.68
2015/01/09,103.02,10193410,105.24,105.3,102.89
2015/01/12,101.62,7946740,103.2,103.36,101.21
2015/01/13,100.77,11275790,102.59,102.85,100.01
2015/01/14,99.58,17785990,99.28,100.18,98.06
2015/01/15,96.31,18182200,99.67,100.14,96.02
2015/01/16,96.89,13313120,96.09,97.8,95.52
2015/01/20,100.04,12049470,98.3,100.21,97.59
2015/01/21,103.29,15141470,100.75,103.86,100.32
2015/01/22,104,11400180,104.6,104.92,103.1
2015/01/23,103.11,9860504,104.02,105.2,103.02
2015/01/26,103.99,10656340,104.4,105.13,103.33
2015/01/27,102.94,15591560,102.89,103.57,100.58
2015/01/28,98.45,42012700,100.3,101.49,97.79
2015/01/29,89.81,76430640,90.53,90.74,87.36
2015/01/30,89.08,36747370,89.6,92,88.11
2015/02/02,90.13,18845140,91.13,91.66,88.61
2015/02/03,90.61,13475970,91.65,91.65,89.9
2015/02/04,90,14599400,90.99,91.88,89.48
2015/02/05,87,28867570,89.58,89.84,86.1
2015/02/06,85.68,17597490,87.11,87.4,85.42
2015/02/09,86,12088070,85.83,86.75,85.47
2015/02/10,87.26,12026260,87.01,87.47,86.52
2015/02/11,86,12281340,87.58,87.7,85.82
2015/02/12,87.1,15143910,85.6,88.3,85.55
2015/02/13,89.05,14587390,88.2,89.3,87.65
2015/02/17,86.85,15133130,88.78,88.99,86.7
2015/02/18,86.74,7415961,87.1,87.43,86.5
2015/02/19,86.89,7568275,86.81,87.87,86.71
2015/02/20,86.64,7805009,87.25,87.29,86.38
2015/02/23,85.47,9352529,86.51,86.68,85.25
2015/02/24,84.69,15817560,85.53,85.53,83.88
2015/02/25,86.19,13592080,84.38,86.83,84.36
2015/02/26,85.37,8758019,86.92,87.16,85.2
2015/02/27,85.12,8362081,85.95,86.56,85
2015/03/02,84,11175870,85,85.02,83.75
2015/03/03,81.58,39173430,82.95,83.25,80.03
2015/03/04,85.49,36502380,80.27,85.8265,80.17
2015/03/05,86.1,18467990,85.75,86.27,84.01
2015/03/06,84.4,10667340,85.74,86,84.05
2015/03/09,82.53,17590660,84.35,84.35,81.48
2015/03/10,82.97,13796390,81.09,83.15,80.65
2015/03/11,81.99,12741280,83,83.38,81.19
2015/03/12,81.92,11223380,82.1,82.9,81.53
2015/03/13,81.86,12656420,81.8,81.92,80.77
2015/03/16,84,16841850,82.01,85.2,81.94
2015/03/17,84.5,17603090,84.01,85.1,83.51
2015/03/18,84.59,35580740,83.87,85.95,83.3
2015/03/19,85.74,30398810,85.11,87.04,85
2015/03/20,85.2,21154070,86.33,86.8,85.09
2015/03/23,84.25,10897560,85.25,85.53,84.21
2015/03/24,83.63,14508820,84.35,84.5,82.39
2015/03/25,83.75,13500080,83.94,84.48,82.67
2015/03/26,84.17,12180790,83.2,84.995,82.96
2015/03/27,84.58,9696201,84.78,85.15,83.34
2015/03/30,83.9,9973133,85.03,85.15,83.75
2015/03/31,83.24,11809460,83.64,84.45,83.2
2015/04/01,82.36,14860100,83.37,83.72,82.18
2015/04/02,82.28,19862960,82.88,83,81.25
2015/04/06,81.82,12778080,82.05,82.59,81.6139
2015/04/07,82.21,9424562,81.94,82.95,81.88
2015/04/08,85.39,26126540,83.3,85.54,83.0655
2015/04/09,86.14,27771180,87.03,87.69,85.2
2015/04/10,84.58,18283350,86.68,86.69,84.15
2015/04/13,84.28,15775510,85.16,85.71,83.82
2015/04/14,85,11804620,84.63,85.13,83.53
2015/04/15,84.67,12204810,85.08,85.36,84.16
2015/04/16,84.06,11996870,85.15,85.4,83.89
2015/04/17,81.9,22658760,83.08,83.25,81.61
2015/04/20,82.2,13464960,82.25,82.69,81.52
2015/04/21,82.42,9989834,82.86,82.92,82.14
2015/04/22,82.05,13300920,82.78,82.84,81.52
2015/04/23,82.28,11463130,81.88,82.75,81.62
2015/04/24,84.57,21050190,82.88,84.99,82.8
2015/04/27,84.9,17394170,85.53,86.27,84.65
2015/04/28,85.08,11097470,85.54,85.57,83.82
2015/04/29,82.45,21074790,84.06,84.4,81.64
2015/04/30,81.29,14138770,82.22,82.65,80.4399
2015/05/01,81.17,17875970,81.03,82.25,80.11
2015/05/04,80.59,21468230,81.17,81.56,80.12
2015/05/05,79.54,32634700,80.44,80.9,77.77
2015/05/06,80,23584490,79.65,80.85,79.51
2015/05/07,86,69386700,88.83,89.29,84.91
2015/05/08,87.06,30125530,87.82,88.27,86.89
2015/05/11,86.72,19746590,86.7,87.67,86.06
2015/05/12,86.77,16008630,87.05,87.5,86.14
2015/05/13,87.53,18976180,87.08,88.47,87
2015/05/14,88.4,12072240,87.74,88.48,87.53
2015/05/15,88.46,13405930,88.51,88.96,88.05
2015/05/18,87.11,13446440,87.61,87.93,86.61
2015/05/19,88.21,20501750,86.99,88.8,86.47
2015/05/20,90.7,29769210,88.14,90.8,87.3
2015/05/21,93.88,40631840,91.35,94.77,90.92
2015/05/22,93.27,22167580,94.28,95.06,93.19
2015/05/26,92.52,15633300,93.65,93.92,91.55
2015/05/27,92.6,9499495,92.22,92.99,91.6
2015/05/28,90.95,14201790,91.69,91.93,90.58
2015/05/29,89.32,13842370,91.35,91.5,89.32
2015/06/01,90.78,9898365,90.09,90.99,89.49
2015/06/02,90.51,9847447,90.55,91.54,90.19
2015/06/03,90.79,9412430,90.73,91.04,89.9
2015/06/04,90.59,8681231,90.71,91.41,90.27
2015/06/05,90.71,11330920,90.46,91.6,90.46
2015/06/08,88.29,15673140,90.65,91.6,88.2427
2015/06/09,87.58,16049550,88.04,88.18,86.12
2015/06/10,88.9,12528620,87.7,88.99,87.2
2015/06/11,87.21,13657310,89.03,89.48,87.1
2015/06/12,86.63,9957114,87.42,87.79,86.48
2015/06/15,86.12,10195080,86.3,87.17,86.05
2015/06/16,86.09,10972050,86.003,86.7,85.6101
2015/06/17,86.8,10237830,86.58,87.8,86.48
2015/06/18,86.75,11726210,86.97,87.59,86.32
2015/06/19,85.74,10235470,86.51,86.6,85.17
2015/06/22,85.68,7131306,86.07,86.4,85.58
2015/06/23,85.08,11401180,85.98,86.34,84.83
2015/06/24,85.17,9432304,85.163,85.81,84.85
2015/06/25,85.24,8920327,85.47,85.6,84.9
2015/06/26,83.28,12650160,84.63,84.65,82.82
2015/06/29,81.07,15171110,81.64,82.88,80.8
2015/06/30,82.27,12592550,82.58,83.69,81.96
2015/07/01,82.46,5943523,82.6,83,81.99
2015/07/02,82.07,6755965,82.12,82.32,81.78
2015/07/06,80.23,11648780,80.56,81.5,80.12
2015/07/07,79.62,34215050,79.45,79.79,76.21
2015/07/08,77.94,22664420,76.58,78.79,76.22
2015/07/09,79.04,19766980,80.93,81.19,79.04
2015/07/10,80.3,11218440,81.13,81.2,79.84
2015/07/13,81.86,10321770,80.92,82.2,80.7
2015/07/14,81.5,7513216,81.58,82.02,81.1301
2015/07/15,80.73,9509203,80.9,81.5,80.21
2015/07/16,81.53,8570022,81.39,82,80.9
2015/07/17,83.36,14479080,81.99,83.7,81.58
2015/07/20,82.67,8121285,83.56,83.68,82.05
2015/07/21,82.54,5726138,83.11,83.25,82.22
2015/07/22,84.15,11189880,82.16,84.75,82
2015/07/23,83.88,7413160,84.66,84.97,83.25
2015/07/24,83.02,8728740,85.17,85.38,82.65
2015/07/27,81.4,12101800,80.85,81.7,79.68
2015/07/28,80.56,12102020,80.67,80.8,79.25
2015/07/29,80.26,7148103,80.98,81.3689,80.01
2015/07/30,79.96,6849318,80.11,80.64,79.45
2015/07/31,78.34,12588690,79.85,79.905,78.2
2015/08/03,77.99,9263379,78.2,78.5,77.11
2015/08/04,78.87,8485033,78.07,79.354,77.8
2015/08/05,79.82,7476442,79.59,80.42,79.48
2015/08/06,78.96,9281352,79.85,80.75,78.64
2015/08/07,78.82,8723472,79.65,80.2,78.66
2015/08/10,80.47,11240080,79.86,80.99,79.5
2015/08/11,77.34,22889700,79.481,80,76.15
2015/08/12,73.38,41149810,72.32,73.85,71.03
2015/08/13,75.11,23178840,74,76.73,73.66
2015/08/14,74.76,12321870,74.53,75.49,74.46
2015/08/17,75.19,12656640,74.85,75.24,74.16
2015/08/18,73.88,11119290,74.05,75.13,73.73
2015/08/19,73.12,18172780,73.15,73.56,72.81
2015/08/20,70.32,20952680,71.98,72.78,70.03
2015/08/21,68.18,29074950,69.32,70.66,68.18
2015/08/24,65.8,31366440,58.16,67.48,58
2015/08/25,68.57,29439660,68.84,70.33,67.49
2015/08/26,68.66,26331660,68.95,69.45,65.75
2015/08/27,70.84,17694340,70.84,71.59,70.02
2015/08/28,70.07,10577560,69.68,70.5,69.045
2015/08/31,66.12,18450450,69.18,69.3,66.02
2015/09/01,64.83,23440420,64.38,66.84,64.05
2015/09/02,65.54,13331690,65.69,66,64.971
2015/09/03,66.47,15751070,65.821,66.89,65.41
2015/09/04,63.91,18145840,65.405,65.57,63.34
2015/09/08,60.91,50077490,65.78,66.81,60.25
2015/09/09,64.04,33098000,62.73,64.67,62.53
2015/09/10,63.83,13279660,63.52,64.25,63.34
2015/09/11,64.63,17727300,63.37,64.79,62.7
2015/09/14,62.6,26705380,62.55,63.26,61.48
2015/09/15,64.85,29008090,61.45,65.36,61.11
2015/09/16,67.23,25796990,65.61,68.08,65.26
2015/09/17,66,16565070,66.41,66.65,65.6
2015/09/18,65.75,20102640,65.4,65.75,64.01
2015/09/21,63.9,22339630,65.38,66.4,62.96
2015/09/22,61.9,14866380,62.94,63.27,61.58
2015/09/23,60,22643800,61.96,62.3,59.68
2015/09/24,59.92,20625330,59.42,60.34,58.21
2015/09/25,59.24,16999750,60.63,60.84,58.92
2015/09/28,57.39,20605160,58.81,60.12,57.315
2015/09/29,57.82,16749600,57.3,58.65,57.2
2015/09/30,58.97,16749870,58.87,60.08,58.35
2015/10/01,58.87,8128423,59.5,59.83,58.23
2015/10/02,63.2,22282630,58.36,63.24,58.2
2015/10/05,63.93,13579060,63.47,64.775,62.2
2015/10/06,63.92,9600334,63.72,64.73,63.28
2015/10/07,66.28,15786660,64.84,66.66,64.38
2015/10/08,67.7,18586720,66.04,68.41,65.96
2015/10/09,68.71,14739970,68.2,69.45,67.31
2015/10/12,70.3,15522900,69.64,70.47,69
2015/10/13,69.68,13045600,69.49,70.32,68.38
2015/10/14,68.54,12253630,69.5,69.7,67.425
2015/10/15,71.78,18171360,69.34,72.44,69.26
2015/10/16,71.99,15715120,72.5,73.64,71.21
2015/10/19,72.65,10884870,71.8,73,71.522
2015/10/20,71.79,11022080,72.99,73,71.55
2015/10/21,69.48,16856270,71.66,71.79,68.89
2015/10/22,70.99,10751510,70.16,71.63,70.07
2015/10/23,75.62,22463450,73.98,75.76,72.84
2015/10/26,76.35,24745230,75.44,77.42,75.13
2015/10/27,79.44,50755880,82.11,82.79,78.25
2015/10/28,82.35,24937990,79.48,82.545,79.2001
2015/10/29,82.22,16375850,81.97,82.53,80.82
2015/10/30,83.83,20660420,82.7,84.44,82.6
2015/11/02,84.35,13747280,83.52,84.83,82.75
2015/11/03,83.44,11635010,84,84.59,83.13
2015/11/04,85.4,23700250,84.45,85.6,84.03
2015/11/05,85.38,20630150,85.22,86.42,84.2
2015/11/06,83.61,38520430,85.53,86.35,80.77
2015/11/09,81.38,19080540,83.44,83.47,80.22
2015/11/10,81.43,21975330,81.1,82.43,79.62
2015/11/11,79.85,29577430,82.28,82.49,78.12
2015/11/12,78.76,18812170,78.99,80.5,78.45
2015/11/13,75.85,24211680,77.15,78,75.64
2015/11/16,78.3,17028510,75.83,78.75,75.77
2015/11/17,78.13,12456100,78.9,79.14,77.47
2015/11/18,77.69,16726570,78.25,78.31,76.15
2015/11/19,77.87,15680400,78.06,79.15,77.403
2015/11/20,79.95,20952660,78.44,80.785,78.4
2015/11/23,81.31,18734780,80.45,82.19,79.97
2015/11/24,80.86,15261910,80.85,81.11,79.27
2015/11/25,81.71,16323820,80.91,82.675,80.82
2015/11/27,81.38,12600340,80.57,81.41,79.275
2015/11/30,84.08,97825550,81.5,84.47,81.38
2015/12/01,84,26114520,83.77,84.39,83.5
2015/12/02,85,36584620,84.27,85.82,84.25
2015/12/03,82.59,23010410,85.05,85.1,82.1
2015/12/04,84.85,15551720,82.58,85,82.42
2015/12/07,84.76,11861220,84.8,85.1299,84.2
2015/12/08,84.38,14638050,82.77,84.67,82.61
2015/12/09,83.42,21904060,84.37,85.2,82.97
2015/12/10,84.33,10457010,83.34,84.34,82.85
2015/12/11,79.74,20768160,82.85,83.05,79.422
2015/12/14,80.57,12060830,80.15,80.76,78.99
2015/12/15,82.49,13040100,81.06,83.39,80.9
2015/12/16,84.63,16558510,83.3,85.05,82.995
2015/12/17,83.56,12972030,85,85.32,82.85
2015/12/18,82.65,12130480,83.2,83.75,82.03
2015/12/21,82.87,8087646,83.15,83.73,82.43
2015/12/22,84.84,12762320,82.89,85.1,82.89
2015/12/23,84.8,11219580,85.05,85.09,83.72
2015/12/24,83.71,3775327,84.56,84.8,83.41
2015/12/28,82.14,9295918,82.56,82.75,81.52
2015/12/29,83.26,6939916,82.5,83.51,82.41
2015/12/30,81.68,6961018,82.95,83.11,81.5
2015/12/31,81.27,6743601,81.48,82.17,81.25
2016/01/04,76.69,23020490,78.18,78.31,75.18
2016/01/05,78.63,14206820,77.92,78.68,77.26
2016/01/06,77.33,11560280,77.12,78.485,76.97
2016/01/07,72.72,27255620,73.29,75.5,71.54
2016/01/08,70.8,20768400,74.33,74.66,70.67
2016/01/11,69.92,16924110,71.29,71.73,69.02
2016/01/12,72.68,13449620,71.45,72.77,71
2016/01/13,70.29,12459980,72.77,73.239,70.22
2016/01/14,72.25,17703950,70.29,72.72,68.27
2016/01/15,69.59,20633510,68.7,71,67.541
2016/01/19,70.13,17359800,71.94,72.31,69.81
2016/01/20,68.71,19446730,68.025,69.1124,65.34
2016/01/21,70.72,16552530,68.78,71.65,67.1437
2016/01/22,70.37,15800430,72.51,73.34,69.89
2016/01/25,69.72,14760560,70.8,70.8,69.02
2016/01/26,69.77,11459120,69.01,70.19,68.88
2016/01/27,69.54,18182870,69.96,71.42,68.745
2016/01/28,66.92,33122370,72.55,73.15,66.67
2016/01/29,67.03,25573130,67.98,68.93,65.4
2016/02/01,67.03,16176000,66.5,67.7,65.35
2016/02/02,65.09,19140890,67.05,67.7399,64.66
2016/02/03,63.44,31907620,65.6,65.73,60.87
2016/02/04,64.86,22893850,64.33,65.72,63.1
2016/02/05,62.64,12807190,64.71,64.86,62.18
2016/02/08,61.1,16151610,60.9,62.05,60.45
2016/02/09,61.39,12733460,60.11,62.22,59.25
2016/02/10,61.78,8995441,61.9,63.09,60.87
2016/02/11,60.57,14996110,60.25,61.63,59.85
2016/02/12,60.89,13663750,61.27,62.78,60.28
2016/02/16,66.29,21714330,64.42,66.89,64.04
2016/02/17,66.38,14446720,67.17,67.39,65.68
2016/02/18,66.52,14529100,67,68.5,66.23
2016/02/19,67.28,12321100,66.8,67.75,66.09
2016/02/22,68.84,13353350,68.3,69.53,67.98
2016/02/23,66.97,12876500,68.5,68.66,66.465
2016/02/24,67.23,10773710,66.17,67.69,65.21
2016/02/25,66.66,14661780,65.67,66.72,64.66
2016/02/26,66.91,12064220,68.09,68.83,66.86
2016/02/29,68.81,17982150,67.64,70.58,67.56
2016/03/01,70.86,13999100,70.02,71.84,69.86
2016/03/02,71.25,10500290,72.04,72.04,70.75
2016/03/03,71.02,11594120,71.31,72.59,70.46
2016/03/04,72.22,10757150,70.96,72.96,70.72
2016/03/07,72.89,11037310,72.2,73.98,72
2016/03/08,71.07,8658430,72.4,72.65,70.96
2016/03/09,72.43,7276478,71.59,72.61,70.68
2016/03/10,71.97,11246900,72.5,73.05,70.605
2016/03/11,74.01,11203480,72.58,74.01,72.22
2016/03/14,73.35,11059110,74.01,74.4199,72.89
2016/03/15,72.23,8371271,72.62,72.84,71.75
2016/03/16,73.5,7700351,72.01,73.66,71.86
2016/03/17,74.25,9421522,73.76,74.3701,73.51
2016/03/18,76.25,13344020,74.97,76.3,74.71
2016/03/21,78.11,15482830,77.09,79.6804,76.94
2016/03/22,78.18,9136901,77,78.55,76.908
2016/03/23,76.56,10798990,78.16,78.98,76.15
2016/03/24,75.86,8833087,75.15,76.15,73.53
2016/03/28,76.48,6074844,76.45,76.89,74.9
2016/03/29,78.08,12521450,75.6,78.24,75.57
2016/03/30,78.86,10684540,79.01,79.55,78.54
2016/03/31,79.03,11310600,78.5,79.84,78.41
2016/04/01,78.73,9254098,78.24,79.02,78.2
2016/04/04,79.08,9796850,78.33,79.55,78.32
2016/04/05,77.32,9591390,78.2,78.3,76.91
2016/04/06,78.68,9061421,77.3,79.15,77.19
2016/04/07,77.61,10935080,77.6,78.6,77.1825
2016/04/08,77.47,8395405,78.27,78.76,76.621
2016/04/11,77.71,7895083,78.07,78.589,77.43
2016/04/12,77.86,7111310,78,78.24,76.87
2016/04/13,79.64,14118650,78.74,79.72,78.5
2016/04/14,79.61,12589950,79.31,79.858,78.36
2016/04/15,78.97,11696030,79.45,79.75,78.46
2016/04/18,79.01,7761672,78.52,79.12,77.71
2016/04/19,79.46,14727460,79.2,80.48,78.47
2016/04/20,81.21,14900920,79,81.735,78.99
2016/04/21,80.78,8812676,81.08,81.78,80.2
2016/04/22,79.89,8628875,80.12,85.89,79.155
2016/04/25,78.84,9184890,79.8,79.84,78.68
2016/04/26,78.61,9576697,78.85,79.56,77.8001
2016/04/27,77.65,11456400,78.3,78.62,76.57
2016/04/28,76.4,9948096,77.65,77.9,76.09
2016/04/29,76.94,10096800,76.81,77.28,75.66
2016/05/02,76.61,7715004,76.89,77,75.94
2016/05/03,75.91,8008683,75.96,76.27,75.425
2016/05/04,75.82,14289990,75.64,75.91,75.01
2016/05/05,78.83,27940170,79.52,79.94,78.1
2016/05/06,79.2,12852580,78.35,79.72,78.25
2016/05/09,79.41,11783380,78.94,79.98,78.89
2016/05/10,79.72,9315502,79.79,79.98,79.15
2016/05/11,79.8,11059650,79.43,80.485,79.41
2016/05/12,79.16,8773294,80.01,80.45,78.32
2016/05/13,77.16,10073650,78.825,79.16,76.97
2016/05/16,79.29,11637290,77.86,79.93,77.59
2016/05/17,79.35,10970500,79.83,80.2,79.31
2016/05/18,79.03,9070749,78.71,80,78.47
2016/05/19,78.32,8311218,78.65,79.26,77.6
2016/05/20,78.79,11037240,79.07,79.45,78.3501
2016/05/23,79,7172888,78.95,79.5,78.6
2016/05/24,81.12,16675160,79.17,81.31,79.07
2016/05/25,75.59,49605940,78.53,79.2,74.12
2016/05/26,78.35,26930700,76.99,78.865,76.8
2016/05/27,80.97,24544870,78.49,81,78.39
2016/05/31,82,77980590,81,82.03,80.2
2016/06/01,76.69,62462540,79.15,80.14,76.55
2016/06/02,77.3,45371220,76.65,77.75,76.56
2016/06/03,76.62,23675020,77.24,77.8,75.71
2016/06/06,78.06,19155500,77.11,78.33,76.7
2016/06/07,77.84,12876640,78.19,78.37,77.32
2016/06/08,77.64,11603380,78,78.53,77.375
2016/06/09,77.56,8991859,77.39,78.07,76.78
2016/06/10,75.92,10419660,76.43,77.05,75.76
2016/06/13,75.45,11289770,75.25,76.455,74.85
2016/06/14,77.77,22349320,76.89,78.45,76.75
2016/06/15,78.39,14720240,78.31,78.7686,77.51
2016/06/16,78.27,13551820,77.84,78.4,76.2
2016/06/17,77,15547790,78.45,78.45,76.48
2016/06/20,78.15,9603659,77.9,78.7899,77.84
2016/06/21,78.62,8865212,78.75,79.08,78.4
2016/06/22,78.73,8160558,79.04,79.12,78.21
2016/06/23,79.14,8258057,79.16,79.46,78.55
2016/06/24,76.29,18148590,76.83,77.5,75.43
2016/06/27,74.23,15203760,75.8,76.29,73.3
2016/06/28,76.28,11238520,75.5,76.6,75.5
2016/06/29,78.04,11449960,76.98,78.48,76.9
2016/06/30,79.53,12483880,78.31,79.76,78.28
2016/07/01,79.65,7264578,79.12,80.05,79.12
2016/07/05,78.97,6837814,79.04,79.55,78.37
2016/07/06,78.64,7737637,78.47,78.82,77.68
2016/07/07,79.35,6808656,79,79.4899,78.71
2016/07/08,78.99,14011640,78.44,79.35,77.8
2016/07/11,81.46,17367400,79.33,81.9,79.24
2016/07/12,81.74,15265190,81.79,82.88,81.51
2016/07/13,80.57,10727800,81.83,81.88,80.37
2016/07/14,81.74,9356488,81.18,82.24,80.86
2016/07/15,81.25,8915419,81.78,82.49,80.965
2016/07/18,82.65,12107370,80.6,82.79,80.6
2016/07/19,82.77,9792308,82.48,83.69,82.05
2016/07/20,84.42,13980800,83.27,84.7,83.23
2016/07/21,84.18,10176750,84.71,85,83.66
2016/07/22,84.49,5987680,84,84.5,83.81
2016/07/25,83.19,13182970,84.47,84.79,82.61
2016/07/26,83.59,7708331,82.86,83.63,82.63
2016/07/27,83.1,11603940,83.6,83.64,83
2016/07/28,83.12,7465956,83.46,83.49,82.1201
2016/07/29,82.48,8707325,83.37,83.42,81.945
2016/08/01,84.34,13313720,82.79,84.8,82.59
2016/08/02,83.8,7682308,84.34,84.34,82.91
2016/08/03,83.67,5363701,83.3,83.84,83.17
2016/08/04,84.75,10720530,83.75,84.98,83.69
2016/08/05,84.59,9389329,85.01,85.08,84.44
2016/08/08,85,11514040,84.99,85.02,84.3
2016/08/09,85.24,15375290,85.05,85.63,84.8
2016/08/10,87.33,28135330,86.01,87.73,86.01
2016/08/11,91.77,54147300,92.14,92.8,91.26
2016/08/12,98.25,71918830,92.98,98.35,92.91
2016/08/15,97.17,33792570,98.28,98.86,96.82
2016/08/16,96.66,27486390,96.15,97.15,95.05
2016/08/17,97,14973660,96.17,97.25,96.05
2016/08/18,97,15006470,97.25,97.94,96.62
2016/08/19,96.86,14263640,96.91,97.24,96.34
2016/08/22,95.65,16218810,96.47,96.63,94.75
2016/08/23,95.79,9638938,95.59,96.48,95.41
2016/08/24,93.88,12702060,95.68,96.3,93.56
2016/08/25,93.94,13027180,93.75,94.69,93.12
2016/08/26,95.06,14118550,94.15,95.45,94.08
2016/08/29,94.88,8812224,94.6,95.16,94.21
2016/08/30,96,13983900,95.35,96.68,95.17
2016/08/31,97.19,28600450,96.14,97.2,96.01
2016/09/01,97.42,13366910,97.3,98,97.01
2016/09/02,99.25,17469950,97.97,99.665,97.97
2016/09/06,103.78,32771500,100.45,104.3,100.45
2016/09/07,102.32,15732340,103.84,104,102.26
2016/09/08,102.57,15474890,101.93,103.78,101.63
2016/09/09,99.62,21234170,101.8,102.21,99.05
2016/09/12,100.8,17305320,97.38,101.38,97
2016/09/13,100.28,19992510,100.38,101.49,98.84
2016/09/14,102.4,19593000,100.08,102.59,100.02
2016/09/15,104.45,20830280,102.62,104.48,102.53
2016/09/16,104.64,20361380,104,105.39,103.86
2016/09/19,103.03,15220320,105.16,105.5,102.195
2016/09/20,101.45,12848790,102.94,103.73,100.93
2016/09/21,106,22985350,102.46,106.19,102.21
2016/09/22,109.36,35615500,107.57,109.76,107.48
2016/09/23,107.71,23078980,108.25,108.4,106.71
2016/09/26,105.89,16792750,106.52,107.06,105.3
2016/09/27,108.26,17497870,106.52,108.49,106.37
2016/09/28,108.75,16287430,108.44,109.87,107.16
2016/09/29,105.55,30216610,106.51,106.69,104.57
2016/09/30,105.79,15566160,106.5,107.1,105.79
2016/10/03,105.38,10842050,105.45,106.29,104.98
2016/10/04,105.45,11065380,105.93,106.23,105.05
2016/10/05,106.96,13154000,105.87,107.45,105.66
2016/10/06,107.08,9879871,107.3,107.51,106.185
2016/10/07,106,8948099,106.89,107.55,105.56
2016/10/10,108.41,11505440,106.79,109,106.56
2016/10/11,105.23,14676610,107.89,107.97,104.75
2016/10/12,103.62,17735580,105.05,105.11,101.82
2016/10/13,102.15,22377940,102.06,102.55,99
2016/10/14,101.85,12779630,104.27,104.7,101.03
2016/10/17,102.84,10349520,101.5,103.47,101.27
2016/10/18,103.34,11082800,104.47,104.99,103.31
2016/10/19,103.93,8931290,104.33,104.8,103.65
2016/10/20,103.85,7087015,104.2,104.74,103.57
2016/10/21,103.94,7356226,103.7,103.94,102.75
2016/10/24,104.5,10878840,104.98,105.3,103.55
2016/10/25,104.22,8961856,104.86,105.2002,104.02
2016/10/26,102.78,7570229,103.68,104,102.7
2016/10/27,102.38,8793405,103.38,104.11,101.85
2016/10/28,101.93,8352163,102.35,103.05,101.55
2016/10/31,101.69,15833790,102.65,103.21,101.42
2016/11/01,101.15,21226050,100.43,101.24,99.21
2016/11/02,98.51,36965870,103.85,104.1,97.3
2016/11/03,97.75,15580000,98.04,99.3,96.46
2016/11/04,97.57,9038406,96.9,98.79,96.67
2016/11/07,99.35,11184020,100.07,100.62,99.16
2016/11/08,99.85,8065331,99.39,99.99,98.36
2016/11/09,96.67,20912660,97.38,98.58,95.8
2016/11/10,94.34,27298660,98.34,98.5,92.22
2016/11/11,92.99,23694700,93.86,94.09,91.1
2016/11/14,89.77,27341470,92.451,92.54,87.88
2016/11/15,91,16700650,91,93.49,90.75
2016/11/16,92.86,13047920,91.39,93.68,91.33
2016/11/17,94.07,10375260,94.71,94.98,93.64
2016/11/18,93.39,9729471,94.85,95.3,92.67
2016/11/21,93.41,8926920,94.05,94.66,93
2016/11/22,93.21,10396530,94.24,94.42,93.16
2016/11/23,93.03,11736610,92.53,93.4,91.45
2016/11/25,93.01,4868511,93.55,93.75,92.77
2016/11/28,93.76,14287080,93.02,95.7411,93
2016/11/29,94.99,14128660,93.67,96.055,93.39
2016/11/30,94.02,11415540,95.28,95.48,93.3
2016/12/01,89.86,24008200,94,94.055,89.18
2016/12/02,90.48,11711150,90.38,91.74,89.95
2016/12/05,90.99,8862879,90.05,91.4,89.57
2016/12/06,90.4,7772578,91.56,91.93,89.96
2016/12/07,91.07,13218170,90.52,91.65,89.5
2016/12/08,92.31,10907560,91.8,93.08,91.03
2016/12/09,93.28,9162923,92.51,93.64,92.28
2016/12/12,92.47,9347017,92.05,92.89,91.7
2016/12/13,92.16,10450390,92.8,93.73,91.87
2016/12/14,91.19,9148677,91.83,92.26,90.83
2016/12/15,88.85,19170560,90,90.6,88.74
2016/12/16,88.67,11322450,89,90.1,88.56
2016/12/19,88.93,10206940,88.61,89.82,88.41
2016/12/20,89.84,8424608,89.19,90.31,88.94
2016/12/21,89.25,9021352,89.96,90.43,89.25
2016/12/22,86.8,14368590,87.89,88.26,86.01
2016/12/23,86.79,6358390,86.62,87.68,86.62
2016/12/27,87.54,5215202,86.72,87.94,86.71
2016/12/28,87.37,6413099,88.3,88.75,87.22
2016/12/29,87.33,5465067,87.82,88.2,87.16
2016/12/30,87.81,7208711,87.57,88.1,87.2
2017/01/03,88.6,8786988,89,89,88.08
2017/01/04,90.51,11462690,88.985,90.89,88.58
2017/01/05,94.37,16787830,91.91,94.81,91.64
2017/01/06,93.89,7597513,94.4,94.5,93
2017/01/09,94.72,10817620,94.16,95.65,93.31
2017/01/10,96.75,14759640,96.4,97.904,95.55
2017/01/11,96.94,8723400,96.92,97.45,95.6
2017/01/12,95.9,8412007,96.85,96.85,94.8
2017/01/13,96.27,10687930,95.95,97.38,95.76
2017/01/17,96.12,6340299,96.32,96.59,95
2017/01/18,96,6587018,96.27,96.27,95.26
2017/01/19,96.17,7085970,96.42,96.7,95.58
2017/01/20,96.06,9652714,96.45,97.15,95.6707
2017/01/23,98.41,13997100,96.48,98.67,96.26
2017/01/24,101.43,37142250,103.15,103.19,99.94
2017/01/25,104.06,23306790,102.46,104.27,101.9
2017/01/26,102.75,12500030,103.92,104.57,102.17
2017/01/27,102.07,8028976,102.25,102.7,101.29
2017/01/30,101.02,8611044,101.2,101.46,100.09
2017/01/31,101.31,7522294,100.24,102.09,100.06
2017/02/01,101.57,5726905,102.07,102.38,100.87
2017/02/02,100.84,5363044,101.28,101.47,100.56
2017/02/03,100.39,6184364,101.5,101.56,100.3
2017/02/06,100.9,6784375,100.17,101.706,100.02
2017/02/07,100.83,5647856,101.04,101.6,100.5
2017/02/08,103.57,10169200,101.55,103.99,101.16
2017/02/09,103.34,8421821,103.325,104.18,102.56
2017/02/10,102.36,7675084,103.88,103.94,102.31
2017/02/13,103.1,9722892,102.82,104.44,102.62
2017/02/14,101.59,10229280,103.14,103.6,100.896
2017/02/15,101.55,12379520,102.06,102.13,100.11
2017/02/16,100.82,7457191,101.86,102.1,100.5
2017/02/17,100.52,8237860,100.69,101.73,100.3
2017/02/21,102.12,8179989,101.03,102.54,100.91
2017/02/22,104.2,15772600,102.48,105.2,102.42
2017/02/23,102.46,10088960,104.72,104.86,101.82
2017/02/24,102.95,7356362,101.39,103,101.3
2017/02/27,103.6,6860807,102.5,103.825,102.2201
2017/02/28,102.9,8007397,103.89,103.99,102.03
2017/03/01,104.04,10324960,103.68,104.99,103.21
2017/03/02,103.19,7970738,103.8,104.58,102.77
2017/03/03,103.31,6313293,102.99,103.42,102.44
2017/03/06,102.31,6271374,102.76,103.25,102.1
2017/03/07,102.63,4980492,102.3,103.3078,102.11
2017/03/08,103.22,7064946,102.63,104.29,102.54
2017/03/09,103.24,4521801,102.97,103.75,102.76
2017/03/10,103.39,4113497,103.43,103.7,102.63
2017/03/13,105.18,16103740,103.52,106.25,103.47
2017/03/14,104.25,7746539,104.61,106,103.8221
2017/03/15,103.69,11670640,104.37,104.49,102.6
2017/03/16,105.63,12313540,105.25,105.65,104.301
2017/03/17,105.61,8760765,105.17,106.5,104.86
2017/03/20,107.25,12447930,106.23,108.2,105.94
2017/03/21,105.09,13868960,108.46,108.7,104.7
2017/03/22,106.09,7144945,104.64,106.12,103.98
2017/03/23,108.25,13398120,106.95,108.83,106.44
2017/03/24,108.04,7572922,108.4,109.13,107.23
2017/03/27,108.08,7699358,106.65,108.19,106.51
2017/03/28,107.8,6467098,108.23,108.95,107.4601
2017/03/29,109.51,8784547,107.97,109.74,107.69
2017/03/30,108.85,10587160,109.729,110.45,108.66
2017/03/31,107.83,8994726,108.5,109.1186,107.78
2017/04/03,108.09,7783911,108.85,109.47,107.52
2017/04/04,107.52,6477898,107.87,108.26,106.88
2017/04/05,107.44,8187964,108.36,108.82,107.32
2017/04/06,108.04,5201954,107.59,108.42,107.15
2017/04/07,108.99,8341495,107.88,109.07,106.76
2017/04/10,111.7,14796220,109,111.88,108.84
2017/04/11,110.44,10010850,111.4,111.79,109.46
2017/04/12,110.63,8097064,110.5,111.7,110.31
2017/04/13,110.21,6854470,110.72,111.45,109.82
2017/04/17,111.76,7111117,110.91,111.87,110.3
2017/04/18,111.23,8297300,111.2,112.2,110.8674
2017/04/19,110.76,9595884,111.99,112.2,110.57
2017/04/20,112.96,13771690,111.53,113.6,111.48
2017/04/21,113.11,8960952,112.8,113.17,112.3
2017/04/24,114.86,13417020,114.04,115.16,114.02
2017/04/25,115.48,11332290,115.54,115.82,114.8
2017/04/26,114.97,6674081,115.37,115.75,114.6223
2017/04/27,115.43,9435857,115,115.96,114.83
2017/04/28,115.5,6981258,115.9,115.99,115
2017/05/01,116.68,7312691,115.63,117.24,115.5
2017/05/02,118.09,10032340,117.07,118.69,117
2017/05/03,116.57,10587910,117.95,118,115.12
2017/05/04,115.86,6977683,115.94,116.41,115.15
2017/05/05,116.04,7088097,116.05,116.15,114.8
2017/05/08,116.86,6460771,116.9,117.51,116.2
2017/05/09,120,15194460,118.62,120,118.07
2017/05/10,119.98,9338224,120.01,120.33,119.1
2017/05/11,120.16,11347940,120.13,120.5,118.25
2017/05/12,120.34,9814886,120.37,120.4677,119.51
2017/05/15,121.4,11112300,121.03,121.49,120.031
2017/05/16,124.02,18143610,121.98,124.34,121.74
2017/05/17,120.72,19770550,123.25,123.89,120.5
2017/05/18,121.27,37098420,116.31,122.63,114
2017/05/19,123.22,21049110,123.96,126.4,123.07
2017/05/22,124.75,13479320,124.98,125.59,123.555
2017/05/23,122.93,14353420,124.67,125.675,122.85
2017/05/24,122.81,8370763,123.07,123.684,121.95
2017/05/25,123.63,12478840,123.74,124.45,122.31
2017/05/26,123.99,7555771,123.93,124.65,123.1
2017/05/30,123.91,8335992,124.08,124.88,123.53
2017/05/31,122.46,11580420,123.64,124.1753,122
2017/06/01,123.97,8894392,122.82,124,122.26
2017/06/02,124.13,7341037,123.72,124.53,123.24
2017/06/05,125.37,10027960,124.02,125.56,123.87
2017/06/06,124.62,9249509,125.61,126.2,124.27
2017/06/07,125.64,9429288,125.08,125.91,124.11
2017/06/08,142.34,81317190,142.51,143.7,135.21
2017/06/09,139.44,54344790,144.57,148.29,137.01
2017/06/12,139.08,32160830,139.17,142.2,136.05
2017/06/13,136.6,40858290,141.88,142.244,135.9
2017/06/14,136.67,32828070,137.8,139.25,135.26
2017/06/15,135.08,30498630,135.64,135.67,133.1
2017/06/16,134.87,36327490,136.28,136.5,133.55
2017/06/19,139.47,24921200,137.81,140.4,137.4
2017/06/20,138.38,19974660,140.08,140.63,137.93
2017/06/21,143.29,30893320,138.82,143.5,138.02
2017/06/22,142.27,21880720,142.05,144.68,140.88
2017/06/23,143.01,11748910,142.1,143.34,141.6
2017/06/26,142.73,17820360,144.03,145.36,141.27
2017/06/27,141.53,17357530,143.9,144.38,141.1
2017/06/28,143.95,17738130,142.65,144.37,141.48
2017/06/29,140.81,24112460,143.16,143.56,137.52
2017/06/30,140.9,12267040,141.03,142.38,139.92
2017/07/03,140.99,6975712,141.75,142.49,139.495
2017/07/05,144.87,16969000,141.16,145,140.33
2017/07/06,142.2,11918460,143.01,143.62,141.83
2017/07/07,142.43,8034802,142.65,143.3785,141.831
2017/07/10,143.81,10334210,143,144.16,142.25
2017/07/11,145.81,13507130,144.29,145.87,143.26
2017/07/12,149,14940130,147.38,149.3,146.85
2017/07/13,149.52,11672540,149.52,150,148
2017/07/14,151.83,11459670,150.12,152.25,149.69
2017/07/17,151.23,15317140,153.53,153.7,150.42
2017/07/18,153.75,15292620,151.08,154.6,150.48
2017/07/19,153.15,16776380,155.14,156.41,152.64
2017/07/20,152.11,16606860,153.96,154.12,151.84
2017/07/21,151.89,11441250,151.79,152.15,150.31
2017/07/24,152.26,10630370,152.77,153.23,151.6
2017/07/25,152.44,8447232,152.36,152.75,150.85
2017/07/26,155.79,14425820,152.53,156,152.36
2017/07/27,154.15,26027590,157.85,160.39,151.33
2017/07/28,157.56,14438300,153.96,158.96,152.82
2017/07/31,154.95,17750860,158.9,159.39,153.5
2017/08/01,154.73,11976760,156.25,156.61,153.8
2017/08/02,151.91,19494160,155.47,155.75,149.1
2017/08/03,153.32,12412750,152.1,153.8,149.6
2017/08/04,153.33,10023700,154.32,154.32,152.16
2017/08/07,158.84,15873550,154.83,158.99,154.37
2017/08/08,157.5,15413790,158.56,159.84,156.8
2017/08/09,157.49,10994800,156.05,157.71,155.2
2017/08/10,151.77,18931260,156.2,156.5,151.25
2017/08/11,151.7,22296070,150.51,152.57,147.5
2017/08/14,154.61,14567530,154.77,155.08,153.1
2017/08/15,157.75,18606600,155.74,158.32,154
2017/08/16,159.5,21192550,160,160.35,158.535
2017/08/17,163.92,56786950,166.12,168,163.51
2017/08/18,167.5,31463720,165.36,169.5,164.1
2017/08/21,169.25,22317510,168.29,170.6,166.98
2017/08/22,174.46,24427590,170.02,174.77,169.64
2017/08/23,175.8,21907920,172.9,176.23,172.75
2017/08/24,175,20757320,177,177,174.3
2017/08/25,171.74,24132130,174.8,174.94,171.11
2017/08/28,168.3,24395950,171.15,171.34,167.06
2017/08/29,167.41,19560760,165.15,169.23,164.35
2017/08/30,171.25,17736920,169.15,172.39,169.15
2017/08/31,171.74,16471180,172.54,172.9,170.25
2017/09/01,171.04,11155170,171.99,172.3863,170.65
2017/09/05,169.92,14956400,169.47,171.93,168.7378
2017/09/06,168.14,19956480,170.17,171.11,167
2017/09/07,170.48,15061590,169.26,170.97,168
2017/09/08,169,12337480,169.99,171.22,168.92
2017/09/11,174.06,18224880,171.5,174.2,171.5
2017/09/12,175.31,15606930,174.89,175.62,173.37
2017/09/13,178.97,21960190,175.75,179.1,175.56
2017/09/14,177.1,22763010,177.54,179.93,176.02
2017/09/15,176.7,26554710,177.9,179.75,176.7
2017/09/18,179.98,22587620,178.89,180.29,177.75
2017/09/19,180.07,14735480,180.69,180.87,179.25
2017/09/20,177.95,15379730,180.02,180.5,176.151
2017/09/21,177.39,14568150,178.05,178.8611,175.3
2017/09/22,178.14,12736970,176.2,178.42,175.68
2017/09/25,169.59,33999860,176.48,177,167.5
2017/09/26,167.02,23665000,170.01,171.9,166.79
2017/09/27,170.99,19401440,169.84,171.95,169.45
2017/09/28,170.24,13944110,170.91,171.88,169.5667
2017/09/29,172.71,13382620,171.11,173.54,170.74
2017/10/02,173.61,12551290,174.57,175.13,172.57
2017/10/03,178.56,15145420,176.06,178.78,173.61
2017/10/04,178.71,11413220,178.06,180,177.3
2017/10/05,178.89,11879930,179,179.73,176.03
2017/10/06,179.2,8732723,177.85,179.87,177.61
2017/10/09,182.09,14992900,178.97,183.1322,178.75
2017/10/10,183.12,13182770,181.65,184.46,181.36
2017/10/11,184.69,11944840,183,184.7,182.6005
2017/10/12,180.53,15426700,184.04,184.39,180.3478
2017/10/13,178.45,18098990,180.96,181.4,177.97
2017/10/16,179.56,12839030,180,180.05,178.51
2017/10/17,175.32,20104080,179.58,180.12,175.3
2017/10/18,179.61,21745600,177.09,180,176.28
2017/10/19,177.93,13447490,177.001,179.61,175.45
2017/10/20,177.32,11939510,179.02,179.52,177.08
2017/10/23,173.13,17588820,177.8,178.0098,173.05
2017/10/24,173.7,11911310,174,175.98,173.26
2017/10/25,170.22,18091890,174.69,175.44,169.3
2017/10/26,170.32,13422500,170.62,171.45,168.58
2017/10/27,176.15,19674110,173.19,177,171.11
2017/10/30,181.58,20187930,178.43,181.9,177.59
2017/10/31,184.89,21180680,183.57,185.12,181.811
2017/11/01,186.08,28214690,187.88,188.88,183.58
2017/11/02,184.81,41199480,190.99,191.22,183.31
2017/11/03,183.21,19670240,186.51,186.93,182.06
2017/11/06,187.84,19834840,184.07,188.25,184
2017/11/07,188.51,17747070,189.58,189.86,187
2017/11/08,185.9,13931400,187.98,188.15,185.1
2017/11/09,185.13,19705730,184.21,185.13,181.05
2017/11/10,186.41,14987690,187.03,187.17,185.4
2017/11/13,184.54,17164020,186.77,187.88,184
2017/11/14,181.79,14445780,184.3,184.38,181.15
2017/11/15,181.48,16524530,179.37,181.88,176.7356
2017/11/16,185.43,18376040,183.31,186.27,183.12
2017/11/17,185.13,13415770,185.92,186.5,184.67
2017/11/20,188,25925840,187.6,190,186.611
2017/11/21,190.9,19598400,190.35,191.56,188.8
2017/11/22,189.84,14399670,191.54,191.75,189.37
2017/11/24,191.19,9887763,189.39,191.7,188.7
2017/11/27,188.03,14939040,190.49,191.4503,187.55
2017/11/28,186.69,13321870,188.83,189.1,186.5
2017/11/29,179.91,40167810,185.25,185.41,173.62
2017/11/30,177.08,25806000,179.53,179.8,176.32
2017/12/01,174.61,26767270,175.27,179.8,173.8
2017/12/04,169.58,35867700,177.2,177.58,168.26
2017/12/05,168.96,31587150,165.28,172.96,164.25
2017/12/06,172.63,23787250,168.3,173.23,167.8653
2017/12/07,174.47,15683080,173.76,175.82,172.26
2017/12/08,177.62,23531130,177.72,178.96,176.37
2017/12/11,179.29,15612400,179.19,180.68,178.15
2017/12/12,174.64,22620890,178,178.16,173.77
2017/12/13,176.47,18622660,175.19,177.7,174.3
2017/12/14,171.75,32798190,173.11,173.39,169.61
2017/12/15,173.55,41334200,172.89,173.55,170
2017/12/18,173.37,16996660,174.6,174.7,172.37
2017/12/19,171.28,23917700,171.97,173,170.51
2017/12/20,172.64,17103480,171.79,172.9,170.8
2017/12/21,175.32,14804920,172.8,176.25,172.6508
2017/12/22,176.29,12520190,175.84,176.66,175.04
2017/12/26,172.33,12864270,174.55,175.15,171.73
2017/12/27,172.97,10138450,172.29,173.87,171.73
2017/12/28,172.3,9497180,173.04,173.53,171.67
2017/12/29,172.43,9690315,172.28,173.67,171.2
2018/01/02,183.65,29917780,176.399,184.1,175.7
2018/01/03,184,20106870,185.19,185.635,181.4
2018/01/04,185.71,19448620,185.9,187.7472,184.43
2018/01/05,190.7,18143940,187.17,190.75,186.301
2018/01/08,190.33,16142360,190.46,191.66,189.07
2018/01/09,190.8,19483090,191.13,192.49,188
2018/01/10,189.79,17933960,188.1,190.39,186.58
2018/01/11,188.75,12390410,189.73,190.43,188.1
2018/01/12,187.79,11775870,189.91,190.2,187.25
2018/01/16,182.4,27401460,190.4,191.74,181.75
2018/01/17,183.83,21326040,183.3,184.8,179.32
2018/01/18,184.4,14158750,184.28,185.845,182.69
2018/01/19,184.05,13732300,185.15,185.239,182.8
2018/01/22,184.02,15983160,184.975,185.04,181.68
2018/01/23,192.28,31085160,185.28,192.4,183.54
2018/01/24,195.53,34481880,194.71,198.86,192.4
2018/01/25,198.33,23264200,196.34,199.59,194.1001
2018/01/26,205.22,23707370,200.33,205.23,199.21
2018/01/29,203.01,21882900,204.83,205.69,201.82
2018/01/30,199.66,23343870,198.68,202.54,196.49
2018/01/31,204.29,26668400,202.82,206.2,202.8
2018/02/01,192.22,52506760,192.75,199.49,191.14
2018/02/02,187.31,32188350,194.79,195.68,186.8
2018/02/05,180.53,30955960,183.7,190.4699,179.9
2018/02/06,185.17,35757700,174.72,185.59,174.17
2018/02/07,180.3,19633580,183.5,186.83,180.3
2018/02/08,173.7,31996320,182.27,183.1,171.39
2018/02/09,176.67,28034620,175.12,177.6164,168.88
2018/02/12,177.44,18256850,180.44,180.79,175.0861
2018/02/13,179.25,15473030,177.42,182.15,177
2018/02/14,186.76,21028000,179.22,186.93,178.9002
2018/02/15,187.45,14352070,189.25,189.56,184.431
2018/02/16,183.68,16102610,186.75,188.27,183.54
2018/02/20,187.19,14842160,183.67,188.83,183
2018/02/21,188.82,22048070,189.37,193.17,188.46
2018/02/22,188.75,12269440,190.2,190.74,187.77
2018/02/23,193.29,16926210,190.18,193.405,189.95
2018/02/26,194.19,19444110,194.46,195.15,190.65
2018/02/27,188.26,22994700,192.59,193.5667,187.21
2018/02/28,186.14,19131410,187.25,188.24,185
2018/03/01,181.99,17277910,186.18,187.48,180.05
2018/03/02,179.76,18884930,178.01,180.23,175.45
2018/03/05,181.6,15636200,179.41,181.95,177.07
2018/03/06,187.37,17638850,185.19,188.01,184.82
2018/03/07,189.05,13718270,184.37,189.07,184.32
2018/03/08,187.18,14320500,189.05,190.23,186.5699
2018/03/09,190.55,14199320,189.64,190.7,188.01
2018/03/12,192.74,17811070,192.3,194.4,190.9
2018/03/13,188.41,14775890,193.88,194.25,187.39
2018/03/14,192.56,20019190,190.29,193.63,190.22
2018/03/15,199.06,33525850,198.44,201.5,196.52
2018/03/16,200.28,26932920,198.4,200.38,197.26
2018/03/19,194.53,19511150,198,198.43,192.801
2018/03/20,198.95,11930750,194.95,199.21,194.54
2018/03/21,195.3,12033510,198.8,198.88,194.57
2018/03/22,184.65,25307040,190.75,192.39,184.6
2018/03/23,181.2,18698590,186.85,188.48,180.401
2018/03/26,190.5,16744070,187.89,190.62,184.32
2018/03/27,181.89,16598970,192.24,192.25,180.66
2018/03/28,178.91,20047810,180.73,183.44,177.57
2018/03/29,183.54,16368940,180.88,185.13,178.62
2018/04/02,177.61,16009300,182.81,183.51,175.75
2018/04/03,174.67,19936030,179.26,179.58,173
2018/04/04,172.07,24542530,166.88,172.4099,166.13
2018/04/05,172.57,18142960,175.48,176.56,171.17
2018/04/06,167.52,18187360,169.84,172.27,166.4
2018/04/09,169.87,14701160,169.75,172.72,168.61
2018/04/10,177.1,20546750,175.1,177.88,173.85
2018/04/11,175.36,10154830,176.48,178.16,174.74
2018/04/12,175.92,11108990,175.93,177.9,174.56
2018/04/13,172.04,13512220,176.72,176.8,171.07
2018/04/16,174.7,9852899,172.01,174.79,171.01
2018/04/17,178.7,16269960,174.83,179.34,174.83
2018/04/18,182.68,16937380,178.9,182.88,177.64
2018/04/19,181.39,11974980,183.26,183.63,179.52
2018/04/20,179.11,14464610,179.36,181.39,177.53
2018/04/23,175.57,12024000,178.63,179.32,174.71
2018/04/24,173.09,14555890,177.63,178,170.68
2018/04/25,170.22,17095350,170.52,171.3,166.64
2018/04/26,173.9,13334990,173.25,174.36,172.05
2018/04/27,177.16,15047700,177.11,178.2,174.01
2018/04/30,178.54,14627670,178.09,180.04,177.05
2018/05/01,179.5,10712730,177.58,180.3199,177.44
2018/05/02,181.45,20593630,180.8,184.264,180.11
2018/05/03,182.45,26118910,183.5,183.59,175.77
2018/05/04,188.89,57745020,180.4,190.6,178.62
2018/05/07,195.35,29818790,190.41,196.6,190.3
2018/05/08,196.31,21844630,194.2,197.34,193.01
2018/05/09,195.43,13762480,195.84,197.38,194.5
2018/05/10,195.96,21271550,196.3,199.77,195.16
2018/05/11,194.36,12721840,196.4,196.46,193.38
2018/05/14,198.64,17605420,195.9,200,195.87
2018/05/15,196.61,12680450,195.23,196.78,193.86
2018/05/16,198.11,12871970,196.75,199.75,196.3
2018/05/17,196.02,13429630,196,198.43,195.57
2018/05/18,195,13764590,196.43,197.78,194.72
2018/05/21,197.64,13805010,197.8,199.79,196.4
2018/05/22,195.87,9691461,198.3,198.6274,195.7
2018/05/23,196.8,12792440,193.88,196.9,192.8011
2018/05/24,197.37,18496230,198.12,199.72,195.6974
2018/05/25,199.2,21256660,197.57,201.5,197.21
2018/05/29,198,18498480,197.94,202.28,197
2018/05/30,197.98,13913250,199.7,200.54,197.5
2018/05/31,198.01,17973850,198,199.48,196.85
2018/06/01,204.34,23101880,199.5,204.99,199.45
2018/06/04,208.95,19342570,205.12,209.75,204.73
2018/06/05,208.37,17758760,209.95,211.7,207.13
2018/06/06,208.3,13754680,209.86,210.46,207.2893
2018/06/07,203.62,26713120,207.46,209,200.88
2018/06/08,205.07,17507940,201.11,206.23,200.43
2018/06/11,205.7,12055360,206.5,207.6,205.01
2018/06/12,209.08,15874510,206.95,209.8,206.9
2018/06/13,206.62,13828360,209.44,209.65,206.6
2018/06/14,210.86,18804980,207.72,211.12,207.51
2018/06/15,208,28649140,207.49,210.08,206.01
2018/06/18,208.57,14601190,205.16,208.6,203.88
2018/06/19,204.43,24466630,203.53,204.51,199.5
2018/06/20,206.23,15537330,205.05,207.23,205.02
2018/06/21,202.21,13947760,205.84,206,201.04
2018/06/22,202.01,9611986,203.38,203.8,200.25
2018/06/25,191.25,32726440,197.85,198.1,187.86
2018/06/26,191.42,20712570,193.34,193.66,188.42
2018/06/27,185.02,23809980,193.46,193.6,184.89
2018/06/28,188.38,19537920,183.2,188.96,182.04
2018/06/29,185.53,26014690,185.36,188.97,184.26
2018/07/02,186.36,17314370,181.66,186.36,181.06
2018/07/03,184.75,11673700,187.88,188.5,184.36
2018/07/05,186.88,18369170,187.17,187.44,182.9
2018/07/06,192.27,17024230,186.01,192.49,185.54
2018/07/09,192.75,15432530,194.45,194.69,190.87
2018/07/10,192.55,12539250,192.89,195.13,191.48
2018/07/11,187.42,15914610,188.6,190.05,187.42
2018/07/12,190.17,17407670,190.77,192.58,189.79
2018/07/13,190.04,12549960,191.61,192.12,189.3
2018/07/16,190.35,12189870,189.57,191.37,189.15
2018/07/17,192.66,13251170,188.65,192.95,187.9
2018/07/18,190.79,10784720,192.45,193.23,189.91
2018/07/19,187.34,13352350,188.68,189.68,186.87
2018/07/20,187.25,12806710,189.49,189.5,186.61
2018/07/23,187.04,10970250,187.18,187.81,184.8
2018/07/24,189,18402470,190.19,193.07,188.35
2018/07/25,197.98,20655540,190.61,198.35,190.14
2018/07/26,194.18,13834250,193.21,196.12,192.62
2018/07/27,189.42,19906310,196.1,196.27,186.93
2018/07/30,184.82,19860040,190.22,190.59,182.06
2018/07/31,187.23,16947350,186.4,188.948,183.99
2018/08/01,185.27,14361340,186,189.06,183.96
2018/08/02,182.6,20950920,181.54,182.9,179.78
2018/08/03,180.84,18229350,184.15,184.5,180.08
2018/08/06,178.62,35399150,180.7,180.86,177.49
2018/08/07,179.92,20605320,180.29,183,179.74
2018/08/08,177.52,21130010,180,180.18,176.55
2018/08/09,177.19,35201440,179.31,180.63,176.76
2018/08/10,180.01,22030660,175.57,180.45,174.75
2018/08/13,177.68,14668290,179.65,180.65,177
2018/08/14,172.53,38485100,175.14,176.2,170.77
2018/08/15,169.83,41251300,167.11,169.85,165.39
2018/08/16,171.99,34241580,172.33,175.7,171.57
2018/08/17,172.78,24662250,172.52,174.2,168.38
2018/08/20,176.29,25699090,175.22,178.86,174.36
2018/08/21,177.92,20099570,177.63,179.67,176.97
2018/08/22,177.85,26992790,178.15,179.74,175.5
2018/08/23,172.23,78666520,184.97,186.5,171.91
2018/08/24,174.23,30414790,175,176.37,172.45
2018/08/27,180.65,23479060,177.1,180.88,176.22
2018/08/28,178.19,15300960,182.15,182.38,177.5
2018/08/29,178.5,11888560,179.35,179.66,176.83
2018/08/30,174.6,17063610,177.33,178.1,174.122
2018/08/31,175.01,13721350,173.11,176.681,172.76
2018/09/04,170.44,23187010,173.5,173.95,169
2018/09/05,164.23,35672700,167.48,168.28,162.03
2018/09/06,159.87,33018050,164.16,166.48,158.67
2018/09/07,162.37,19297860,159.95,164.61,159.5095
2018/09/10,156.36,39062050,158.59,160.72,155
2018/09/11,157.46,25878870,153.18,158.45,152.85
2018/09/12,161.46,32454860,158.2,162.82,156.1808
2018/09/13,165.53,25666870,165.41,167.22,164.01
2018/09/14,164.74,23403950,167.88,168,163.381
2018/09/17,158.89,20326940,161.5,161.65,158.2886
2018/09/18,156.65,27218070,156.88,159.4,155.52
2018/09/19,162.63,23002870,158.82,163.13,158.82
2018/09/20,165.88,22803720,166.89,167.7,164.7163
2018/09/21,164.63,21876600,169.46,169.84,164.5
2018/09/24,163.16,13113480,162.81,163.399,160.1
2018/09/25,164.25,9579768,164.05,165.44,162.83
2018/09/26,165.4,13570590,165.52,167.39,164.87
2018/09/27,166.32,12682550,166.39,167.05,164.92
2018/09/28,164.76,10480580,164.9,165.66,163.3
2018/10/01,162,10599540,165.92,165.95,161.56
2018/10/02,160.23,14713340,159.79,161.0278,158.27
2018/10/03,162.37,13101040,163.15,164.54,161.93
2018/10/04,156.13,32145230,160.06,160.08,153.87
2018/10/05,154.63,20253600,156.14,157.12,152.25
2018/10/08,151.14,24792330,150.2,152.6357,148.34
2018/10/09,146.94,31042160,147.97,150.5898,146.47
2018/10/10,138.29,55541460,142.5,144,137.92
2018/10/11,141.9,43104960,135.53,142.91,135.14
2018/10/12,147.29,30724610,148.62,149,144.52
2018/10/15,144.16,18536160,144.77,145.69,142.3
2018/10/16,149.6,18337850,145.71,149.76,145.26
2018/10/17,148.14,16863550,150.68,150.68,146.37
2018/10/18,142.02,20591730,145.85,146.28,140.8
2018/10/19,142.93,14842970,145.34,146.77,142.61
2018/10/22,148.8,22560500,148.99,150.2,146.1
2018/10/23,146.65,19936740,143.22,147.51,142.62
2018/10/24,139.61,18295720,145.18,146.69,139.34
2018/10/25,144.6,13604120,142.5,144.91,141.01
2018/10/26,142.87,19466330,139,145.8293,138.55
2018/10/29,133.38,35064320,142.42,144,131.36
2018/10/30,136.33,25165940,132.28,136.4,130.06
2018/10/31,142.28,23634410,141.35,142.65,139.14
2018/11/01,151.25,46943600,144.98,152.3175,138.62
2018/11/02,147.59,45667320,152.56,154.36,146.28
2018/11/05,144.64,16177040,146.22,149.37,144.23
2018/11/06,147.44,17835420,145.87,149.96,145.325
2018/11/07,152.5,17860340,150.77,152.8,148.94
2018/11/08,148.99,17057390,150.99,151.88,146.69
2018/11/09,144.85,16209350,145.57,145.72,142.48
2018/11/12,142.82,16500820,145.01,146.406,139.97
2018/11/13,146.98,19544820,144.83,149.94,143.91
2018/11/14,150.44,21767580,150.21,152.15,148.44
2018/11/15,156.22,30029500,152.9,157.4,150.89
2018/11/16,154.1,19489910,155.04,155.8,152.1423
2018/11/19,149.53,18053210,152.02,153.21,148.77
2018/11/20,145.98,19447780,144.48,148.07,142.82
2018/11/21,149.41,14707580,149.06,151.48,148.65
2018/11/23,150.33,7437479,147.3,151.17,147
2018/11/26,156.01,16106170,153.21,156.53,152.37
2018/11/27,156.46,17892140,154.64,157.94,153.5802
2018/11/28,159.34,20743610,159.01,159.8,155.26
2018/11/29,156.28,20505610,158.08,159,153.54
2018/11/30,160.86,35042190,157.9,160.86,156.7201
2018/12/03,163.74,31057810,168.64,168.8,163.51
2018/12/04,158.34,22154300,164.88,164.98,156.46
2018/12/06,155.83,25259980,153,155.87,150.51
2018/12/07,153.06,17438360,155.4,158.05,151.73
2018/12/10,151.43,15506430,150.39,152.81,147.48
2018/12/11,151.83,13614260,155.26,156.24,150.9
2018/12/12,151.5,16595780,155.24,156.17,151.43
2018/12/13,151.48,12203100,153.05,153.46,150.52
2018/12/14,149,15556480,147.71,150.7,145.72
2018/12/17,143.98,15726640,146.5,147.94,142.24
2018/12/18,140.82,17568170,144.28,144.75,140.11
2018/12/19,137.14,27614500,141.04,141.325,135.73
2018/12/20,135.11,23967630,135.83,137.755,132.91
2018/12/21,132,28757930,137.08,137.19,130.23
2018/12/24,131.89,11240720,130,134.57,129.77
2018/12/26,138,14452360,132.87,138.02,130.18
2018/12/27,138.45,11407510,135.05,138.45,133.89
2018/12/28,139.09,11950610,139.2,140.98,136.79
2018/12/31,137.07,11180730,141.83,142.02,136.04
2019/01/02,136.7,16589680,134.13,137.7488,133.03
2019/01/03,130.6,19516320,134.27,134.8699,129.83
2019/01/04,139.75,22813920,134.26,141.08,133.66
2019/01/07,143.1,17218390,140.55,144.08,139.01
2019/01/08,146.79,16422310,145,147.55,142.06
2019/01/09,151.92,20184060,149.89,153.35,148.5
2019/01/10,151.69,14211280,149.81,152.03,148.88
2019/01/11,151.32,9552933,151.83,153.38,150.1401
2019/01/14,149.27,12911650,148.5,150.57,146.54
2019/01/15,150.88,14983900,150.68,154.17,149.9643
2019/01/16,154.84,14780030,152.81,155.39,151.5
2019/01/17,155.97,16127240,152.11,158.55,151.9
2019/01/18,157.02,19142740,158.45,159.49,154.73
2019/01/22,152.15,21282320,154.4,155.44,150.2069
2019/01/23,152.03,10188040,154.65,155.18,150.95
2019/01/24,155.86,10988430,151.47,156,151.21
2019/01/25,159.21,16434320,158.91,160.5,157.43
2019/01/28,158.92,10128660,157.8,159.69,155.3
2019/01/29,156.88,18302160,159.04,160.3746,155.92
2019/01/30,166.82,36958510,161.29,167.84,160.5
2019/01/31,168.49,21195890,167.8,169.73,165.7
2019/02/01,167.97,10766660,168,169.4,167.63
2019/02/04,166.7,7373118,166.32,167.55,165.61
2019/02/05,171.83,12737790,168.55,171.95,168
2019/02/06,171.52,11263040,171.86,173.09,169.99
2019/02/07,166.96,11874190,169.16,169.61,164.336
2019/02/08,167.36,8325668,163.83,167.65,163.75
2019/02/11,167.45,7234323,168.85,170.33,167.45
2019/02/12,168.71,8577821,169.6,170.49,168.61
2019/02/13,169.4,8643489,169.91,171.05,168.99
2019/02/14,168.38,8710486,167.64,168.5,166.61
2019/02/15,166.15,11983190,168.61,168.77,165.41
2019/02/19,170.18,12968380,166.98,171.15,166.5
2019/02/20,170.71,12447060,171,172.68,170.61
2019/02/21,171.66,8419851,171,171.78,169.8
2019/02/22,176.92,16161830,172.8,177.02,172.52
2019/02/25,183.25,22759390,181.26,183.72,180.73
2019/02/26,183.54,13853070,179.79,184.35,179.37
2019/02/27,184.58,16727160,181.72,184.93,180.88
2019/02/28,183.03,12348160,183.01,184.3,181.47
2019/03/01,183.88,14284680,185.09,186.9,183.38
2019/03/04,187.25,14736020,186,187.34,184.46
2019/03/05,185,11494680,186.94,188.08,185
2019/03/06,184.17,10001170,184.38,185.59,183.02
2019/03/07,177.32,16464060,180.91,181.8,176.73
2019/03/08,175.03,14664220,171.565,175.35,171.565
2019/03/11,180.41,13742250,177.83,181.72,177.58
2019/03/12,180.63,8654447,182.04,182.18,179.51
2019/03/13,180.7,8733055,180.73,182.535,179.26
2019/03/14,180.36,9264161,179.06,180.82,178.01
2019/03/15,180.97,10815920,180.66,181.45,179.66
2019/03/18,181.83,7828454,181.93,182.89,180.76
2019/03/19,182.14,9750742,181.63,183.36,180.85
2019/03/20,181.28,15891540,180.94,181.95,178.43
2019/03/21,181.5,9726780,178.95,181.73,178.52
2019/03/22,176.26,11669970,179.77,180.48,175.3362
2019/03/25,178.77,7489573,174.33,178.9,174.1
2019/03/26,178.08,7750467,179.7,180.65,177.095
2019/03/27,177.03,8363301,177.7,179.83,176.9125
2019/03/28,177.73,7225447,177.47,178.53,175.97
2019/03/29,182.45,13839900,180.73,182.6,179
2019/04/01,180.89,12700610,185.09,185.56,180.89
2019/04/02,181.74,7802597,181.46,183.5627,180.95
2019/04/03,178.32,26806500,179.51,180.7,176.76
2019/04/04,181.07,16988950,177.04,181.96,176.89
2019/04/05,185.35,18690730,182.51,185.5,182
2019/04/08,186.5,14715210,184.19,187.82,184.01
2019/04/09,187.19,11571350,186.49,187.89,186.16
2019/04/10,186.19,10650950,186.69,187.4,184
2019/04/11,184.98,8848863,185.15,186.06,183.75
2019/04/12,188.91,12561090,187.71,189.79,187.14
2019/04/15,183.07,14610190,188.06,188.17,182.56
2019/04/16,185.78,12173550,185.55,185.79,183.4
2019/04/17,187.55,11608570,187.34,188.2,185.78
2019/04/18,186.94,7881820,186.41,187.28,185.39
2019/04/22,185.38,8675504,184.5,186.47,183.61
2019/04/23,187.29,11393960,186,188.15,185.44
2019/04/24,185.67,9070708,186.76,186.9,184.58
2019/04/25,187.88,10292050,185.24,188.13,183.955
2019/04/26,187.09,9417003,187.88,188.74,185.51
2019/04/29,186.94,8654876,187.42,188,185.76
2019/04/30,185.57,14936460,186.3,188.25,183.82
2019/05/01,189.31,17405480,186.75,193.195,185.88
2019/05/02,190.39,11468110,189.42,192.7,186.65
2019/05/03,195.21,14521100,191.88,195.72,191.88
2019/05/06,188.24,23941220,185.17,189,184.83
2019/05/07,181.43,22663250,186.05,186.45,179.63
2019/05/08,179.59,16611100,180.95,183.2,178.58
2019/05/09,179.04,22727750,175.43,180.695,173.07
2019/05/10,178,18986990,180.18,180.79,174.1
2019/05/13,170.01,22330740,169.79,172.47,168.78
2019/05/14,174.84,17874110,172.75,175.15,171.48
2019/05/15,177.6,37610420,177.06,180.24,173.3212
2019/05/16,175.57,20579210,178.18,178.25,174.75
2019/05/17,169.57,22539380,171.69,172.29,168.49
2019/05/20,160.65,33413830,164.44,164.57,160.02
2019/05/21,163.43,22006150,163.16,165.5896,162.52
2019/05/22,158.83,25831220,162.41,162.82,158.07
2019/05/23,156,26891860,155.45,158.4795,154.41
2019/05/24,155,21489720,157.615,158.43,154.9
2019/05/28,154.81,38602960,156.4,157.07,153.22
2019/05/29,152.48,30073140,153.58,154.385,150.71
2019/05/30,151.07,17344650,152.36,153.37,150.25
2019/05/31,149.26,26881220,149.63,150.68,147.95
2019/06/03,149.91,25254430,149.6,151.77,148.845
2019/06/04,154.15,27417250,151.56,155.2,150.64
2019/06/05,151.65,23208590,155.17,156.11,149.31
2019/06/06,151.5,15762950,152,152.7,150.57
2019/06/07,154.23,17817820,152.95,155.69,152.2135
2019/06/10,159.85,36473290,158.78,161.98,157.4
2019/06/11,162.65,23408400,164.2,165.68,161.9245
2019/06/12,160.04,16329290,160.47,161.7,158.81
2019/06/13,160.33,17571390,160.55,161.32,159.8
2019/06/14,158.1,14981550,158.37,158.71,157.23
2019/06/17,159.91,16079840,157.53,160.55,157.42
2019/06/18,165.51,35754830,162.89,169.11,161.95
2019/06/19,165.46,20798070,167.77,167.9,163.42
2019/06/20,168.25,24004750,170.19,170.48,166.275
2019/06/21,167.55,17415780,167.48,169.471,166.77
2019/06/24,168.1,18422560,168.4,168.88,165.78
2019/06/25,165.8,20447750,167.04,167.34,164.62
2019/06/26,168.99,22416440,168.28,171.24,168.15
2019/06/27,170.9,18349360,170.62,171.98,169.38
2019/06/28,169.45,19974260,170.2,170.89,167.96
2019/07/01,175.05,25911000,175.865,177.95,174.36
2019/07/02,175.45,14155170,175.13,175.55,174.25
2019/07/03,174.67,8532590,175.69,175.85,173.85
2019/07/05,173.3,12618590,173.75,173.82,172.82